{"__symbolic":"module","version":4,"metadata":{"ɵngrx_modules_effects_effects_a":{"__symbolic":"function","parameters":["instances"],"value":{"__symbolic":"reference","name":"instances"}},"ɵngrx_modules_effects_effects_b":{"__symbolic":"class","decorators":[{"__symbolic":"call","expression":{"__symbolic":"reference","module":"@angular/core","name":"NgModule","line":13,"character":1},"arguments":[{}]}],"members":{"__ctor__":[{"__symbolic":"constructor","parameterDecorators":[null,null,null,[{"__symbolic":"call","expression":{"__symbolic":"reference","module":"@angular/core","name":"Inject","line":19,"character":5},"arguments":[{"__symbolic":"reference","name":"ɵngrx_modules_effects_effects_d"}]}],[{"__symbolic":"call","expression":{"__symbolic":"reference","module":"@angular/core","name":"Optional","line":20,"character":5}}],[{"__symbolic":"call","expression":{"__symbolic":"reference","module":"@angular/core","name":"Optional","line":21,"character":5}}]],"parameters":[{"__symbolic":"reference","name":"EffectSources"},{"__symbolic":"reference","name":"ɵngrx_modules_effects_effects_f"},{"__symbolic":"reference","name":"Store","module":"@ngrx/store","arguments":[{"__symbolic":"reference","name":"any"}]},{"__symbolic":"reference","name":"Array","arguments":[{"__symbolic":"reference","name":"any"}]},{"__symbolic":"reference","module":"@ngrx/store","name":"StoreRootModule","line":20,"character":33},{"__symbolic":"reference","module":"@ngrx/store","name":"StoreFeatureModule","line":21,"character":36}]}],"addEffects":[{"__symbolic":"method"}]}},"Effect":{"__symbolic":"function","parameters":["dispatch"],"defaults":[{}],"value":{"__symbolic":"error","message":"Lambda not supported","line":31,"character":9,"module":"./src/effects_metadata"}},"EffectsMetadata":{"__symbolic":"interface"},"getEffectsMetadata":{"__symbolic":"function"},"mergeEffects":{"__symbolic":"function"},"Actions":{"__symbolic":"class","arity":1,"extends":{"__symbolic":"reference","module":"rxjs","name":"Observable","line":6,"character":41},"decorators":[{"__symbolic":"call","expression":{"__symbolic":"reference","module":"@angular/core","name":"Injectable","line":5,"character":1}}],"members":{"__ctor__":[{"__symbolic":"constructor","parameterDecorators":[[{"__symbolic":"call","expression":{"__symbolic":"reference","module":"@angular/core","name":"Inject","line":7,"character":15},"arguments":[{"__symbolic":"reference","module":"@ngrx/store","name":"ScannedActionsSubject","line":7,"character":22}]}]],"parameters":[{"__symbolic":"reference","name":"Observable","module":"rxjs","arguments":[{"__symbolic":"error","message":"Could not resolve type","line":7,"character":65,"context":{"typeName":"V"},"module":"./src/actions"}]}]}],"lift":[{"__symbolic":"method"}]}},"ofType":{"__symbolic":"function","parameters":["allowedTypes"],"value":{"__symbolic":"call","expression":{"__symbolic":"reference","module":"rxjs/operators","name":"filter","line":94,"character":9},"arguments":[{"__symbolic":"error","message":"Lambda not supported","line":94,"character":16,"module":"./src/actions"}]}},"EffectsModule":{"__symbolic":"class","decorators":[{"__symbolic":"call","expression":{"__symbolic":"reference","module":"@angular/core","name":"NgModule","line":8,"character":1},"arguments":[{}]}],"members":{},"statics":{"forFeature":{"__symbolic":"function","parameters":["featureEffects"],"value":{"ngModule":{"__symbolic":"reference","name":"ɵngrx_modules_effects_effects_c"},"providers":[{"__symbolic":"reference","name":"featureEffects"},{"provide":{"__symbolic":"reference","name":"ɵngrx_modules_effects_effects_e"},"multi":true,"deps":{"__symbolic":"reference","name":"featureEffects"},"useFactory":{"__symbolic":"reference","name":"ɵngrx_modules_effects_effects_a"}}]}},"forRoot":{"__symbolic":"function","parameters":["rootEffects"],"value":{"ngModule":{"__symbolic":"reference","name":"ɵngrx_modules_effects_effects_b"},"providers":[{"__symbolic":"reference","name":"ɵngrx_modules_effects_effects_f"},{"__symbolic":"reference","name":"EffectSources"},{"__symbolic":"reference","name":"Actions"},{"__symbolic":"reference","name":"rootEffects"},{"provide":{"__symbolic":"reference","name":"ɵngrx_modules_effects_effects_d"},"deps":{"__symbolic":"reference","name":"rootEffects"},"useFactory":{"__symbolic":"reference","name":"ɵngrx_modules_effects_effects_a"}}]}}}},"EffectSources":{"__symbolic":"class","extends":{"__symbolic":"reference","module":"rxjs","name":"Subject","line":24,"character":35},"decorators":[{"__symbolic":"call","expression":{"__symbolic":"reference","module":"@angular/core","name":"Injectable","line":23,"character":1}}],"members":{"__ctor__":[{"__symbolic":"constructor","parameters":[{"__symbolic":"reference","module":"@angular/core","name":"ErrorHandler","line":25,"character":36},{"__symbolic":"reference","name":"Store","module":"@ngrx/store","arguments":[{"__symbolic":"reference","name":"any"}]}]}],"addEffects":[{"__symbolic":"method"}],"toActions":[{"__symbolic":"method"}]}},"EffectNotification":{"__symbolic":"interface"},"ROOT_EFFECTS_INIT":"@ngrx/effects/init","OnIdentifyEffects":{"__symbolic":"interface"},"OnRunEffects":{"__symbolic":"interface"},"OnInitEffects":{"__symbolic":"interface"},"ɵngrx_modules_effects_effects_c":{"__symbolic":"class","decorators":[{"__symbolic":"call","expression":{"__symbolic":"reference","module":"@angular/core","name":"NgModule","line":5,"character":1},"arguments":[{}]}],"members":{"__ctor__":[{"__symbolic":"constructor","parameterDecorators":[null,[{"__symbolic":"call","expression":{"__symbolic":"reference","module":"@angular/core","name":"Inject","line":9,"character":5},"arguments":[{"__symbolic":"reference","name":"ɵngrx_modules_effects_effects_e"}]}],[{"__symbolic":"call","expression":{"__symbolic":"reference","module":"@angular/core","name":"Optional","line":10,"character":5}}],[{"__symbolic":"call","expression":{"__symbolic":"reference","module":"@angular/core","name":"Optional","line":11,"character":5}}]],"parameters":[{"__symbolic":"reference","name":"ɵngrx_modules_effects_effects_b"},{"__symbolic":"reference","name":"Array","arguments":[{"__symbolic":"reference","name":"Array","arguments":[{"__symbolic":"reference","name":"any"}]}]},{"__symbolic":"reference","module":"@ngrx/store","name":"StoreRootModule","line":10,"character":33},{"__symbolic":"reference","module":"@ngrx/store","name":"StoreFeatureModule","line":11,"character":36}]}]}},"ɵngrx_modules_effects_effects_d":{"__symbolic":"new","expression":{"__symbolic":"reference","module":"@angular/core","name":"InjectionToken","line":5,"character":32},"arguments":["ngrx/effects: Root Effects"]},"ɵngrx_modules_effects_effects_e":{"__symbolic":"new","expression":{"__symbolic":"reference","module":"@angular/core","name":"InjectionToken","line":8,"character":35},"arguments":["ngrx/effects: Feature Effects"]},"ɵngrx_modules_effects_effects_f":{"__symbolic":"class","decorators":[{"__symbolic":"call","expression":{"__symbolic":"reference","module":"@angular/core","name":"Injectable","line":6,"character":1}}],"members":{"__ctor__":[{"__symbolic":"constructor","parameters":[{"__symbolic":"reference","name":"EffectSources"},{"__symbolic":"reference","name":"Store","module":"@ngrx/store","arguments":[{"__symbolic":"reference","name":"any"}]}]}],"start":[{"__symbolic":"method"}],"ngOnDestroy":[{"__symbolic":"method"}]}}},"origins":{"ɵngrx_modules_effects_effects_a":"./src/effects_module","ɵngrx_modules_effects_effects_b":"./src/effects_root_module","Effect":"./src/effects_metadata","EffectsMetadata":"./src/effects_metadata","getEffectsMetadata":"./src/effects_metadata","mergeEffects":"./src/effects_resolver","Actions":"./src/actions","ofType":"./src/actions","EffectsModule":"./src/effects_module","EffectSources":"./src/effect_sources","EffectNotification":"./src/effect_notification","ROOT_EFFECTS_INIT":"./src/effects_root_module","OnIdentifyEffects":"./src/lifecycle_hooks","OnRunEffects":"./src/lifecycle_hooks","OnInitEffects":"./src/lifecycle_hooks","ɵngrx_modules_effects_effects_c":"./src/effects_feature_module","ɵngrx_modules_effects_effects_d":"./src/tokens","ɵngrx_modules_effects_effects_e":"./src/tokens","ɵngrx_modules_effects_effects_f":"./src/effects_runner"},"importAs":"@ngrx/effects"}